Dag,Week,Baby Size Comparison,Partner Observation,Papa's Life Lesson,Meer informatie,Leuke dingen per dag,Image Idea,Citation
1,1,"Zo groot als een maanzaadje. Zo klein dat je 'm waarschijnlijk net hebt weggeveegd van je broodje.","Vandaag voelt {partnerName} zich misschien een beetje 'anders', maar ze kan haar vinger er niet op leggen. Jij merkt waarschijnlijk niks.","Welkom bij de club. Regel 1: je weet niks. En dat is oké.","De bevruchting heeft plaatsgevonden. Een zaadcel en eicel zijn samengesmolten tot een zygote, die zich nu deelt en op weg is naar de baarmoeder.","De zwemmers hebben de finish bereikt. Eentje heeft de hoofdprijs gewonnen en is nu de manager van een heel nieuw project.","Een enkele zaadcel met een klein gouden medaille om.","https://www.oudersvannu.nl/zwanger/zwangerschap/zwangerschap-van-week-tot-week/1-week-zwanger/"
2,1,"Zo groot als een maanzaadje.","{partnerName} is vandaag misschien wat sneller moe dan normaal, maar wijt het aan een lange werkdag.","Jouw taak voor vandaag: observeer. Zeg niks, doe niks, kijk gewoon. Je leert meer dan je denkt.","De bevruchte eicel, nu een blastocyste, reist door de eileider. Dit kost het lichaam van je partner al energie, ook al is er nog niks 'zichtbaar'.","De kleine is op tournee. Een reis van de 'eileider-arena' naar het 'baarmoeder-stadion'. Vandaag is reisdag.","Een maanzaadje met een kleine rugzak op, wandelend door een tunnel.","https://www.24baby.nl/zwanger/zwangerschap-van-week-tot-week/2-weken-zwanger/"
3,1,"Zo groot als een maanzaadje.","Ze zucht vandaag misschien iets vaker. 'Gewoon een drukke week,' zegt ze. Jij knikt instemmend.","Leer de kunst van het 'meebewegen'. Als zij zucht, zucht jij zachtjes mee. Niet te opvallend. Het is een soort geheime high five.","De celdeling gaat in een razend tempo door. De basis voor wat later de baby en de placenta wordt, is al gelegd.","De kleine is aan het klonen. Van 1 naar 2, van 2 naar 4, van 4 naar 8... Het is een soort biologische piramidespel, maar dan legaal.","Een maanzaadje dat zichzelf kopieert op een ouderwets kopieerapparaat.","https://www.babycenter.nl/a25004909/de-ontwikkeling-van-je-baby-1-week-zwanger"
4,1,"Zo groot als een maanzaadje.","Vandaag heeft ze misschien een onbestemd gevoel, een soort lichte kramp. 'Zal wel ongesteld worden,' mompelt ze.","Je bent nu officieel gepromoveerd tot 'supporter'. Je hoeft het spel niet te snappen, als je maar aan de zijlijn staat.","De blastocyste komt aan in de baarmoeder en bereidt zich voor op de innesteling. Dit kan een heel licht, kramperig gevoel geven.","De landing wordt voorbereid. De kleine zoekt de beste parkeerplek in de baarmoeder. Eentje met goed uitzicht voor de komende 9 maanden.","Een maanzaadje in een astronautenpakje dat een vlag plant in een zachte, roze ondergrond.","https://www.oudersvannu.nl/zwanger/zwangerschap/zwangerschap-van-week-tot-week/2-weken-zwanger/"
5,1,"Zo groot als een maanzaadje.","Ze is vandaag misschien wat emotioneler bij een film. Zelfs bij die stomme actieknaller die jij wilde zien.","Emoties zijn als het weer: je kunt er niks aan doen, alleen een paraplu meenemen. Jouw paraplu is een arm om haar heen.","De innesteling begint. De bevruchte eicel graaft zich in de baarmoederwand. Dit proces kan de hormoonhuishouding al licht beïnvloeden.","De kleine is aan het inbreken in de baarmoederwand. Geen zorgen, hij heeft de sleutel. Het is een VIP-ingang.","Een maanzaadje met een klein schepje, dat een kuiltje graaft.","https://www.24baby.nl/zwanger/zwangerschap-van-week-tot-week/3-weken-zwanger/"
6,1,"Zo groot als een maanzaadje.","Vandaag heeft ze misschien een heel lichte bloeding (een paar druppels). Ze denkt dat het niks is. Jij ook.","Soms is de beste actie geen actie. Gewoon afwachten. Geduld is je nieuwe superkracht.","Dit kan een 'innestelingsbloeding' zijn. Het is een goed teken: de zwangerschap begint nu echt. Ongeveer 20-30% van de vrouwen ervaart dit.","De kleine heeft de verbouwing afgerond en laat een klein 'sorry voor het ongemak'-briefje achter in de vorm van een paar druppels.","Een 'verboden toegang voor onbevoegden'-bordje bij een baarmoeder.","https://www.babycenter.nl/a544929/innestelingsbloeding"
7,1,"Zo groot als een maanzaadje.","Ze voelt zich vandaag prima. Niets aan de hand. Een normale dag. De stilte voor de storm.","Geniet van de normale dagen, maat. Ze worden zeldzamer. Vandaag is een goede dag voor een biertje. Voor jou dan.","De productie van het zwangerschapshormoon (hCG) begint nu serieus op gang te komen. Dit is het hormoon dat een zwangerschapstest detecteert.","De hormonenfabriek start de productie op. Vandaag worden de machines getest. Morgen draaien ze op volle toeren.","Een fabriekspijp waar hele kleine wolkjes met 'hCG' erop uitkomen.","https://www.oudersvannu.nl/zwanger/zwangerschap/zwangerschap-van-week-tot-week/3-weken-zwanger/"
8,2,"Zo groot als een sesamzaadje. Ja, we zijn gepromoveerd.","{partnerName} moet vandaag opvallend vaak naar de wc. Alsof haar blaas ineens gekrompen is.","Word vrienden met de wc-bril. Je zult hem de komende maanden vaak voor haar naar beneden moeten doen. Zie het als training.","Het hCG-hormoon en de groeiende baarmoeder zorgen voor extra druk op de blaas. Dit is een van de eerste, meest klassieke zwangerschapssymptomen.","Haar blaas is nu de populairste club van de stad. Iedereen moet er constant in en uit.","Een sesamzaadje dat op een blaas springt als op een trampoline.","https://www.24baby.nl/zwanger/zwangerschap-van-week-tot-week/4-weken-zwanger/"
9,2,"Zo groot als een sesamzaadje.","Vandaag zijn haar borsten gevoelig. Alsof ze een lichte zonnebrand hebben, maar dan van binnenuit.","Handen thuis, tenzij anders geïnstrueerd. Beschouw haar borsten als een museumstuk: kijken, niet aanraken.","De borsten bereiden zich al voor op melkproductie. De bloedtoevoer neemt toe, wat ze gezwollen en gevoelig maakt.","De 'melkfabriek' wordt verbouwd. Er worden nieuwe leidingen aangelegd en het personeel wordt getraind. Bouwoverlast is onvermijdelijk.","Twee sesamzaadjes die met een 'verboden toegang'-lint een borst afzetten.","https://www.oudersvannu.nl/zwanger/zwangerschap/zwangerschap-van-week-tot-week/4-weken-zwanger/"
10,2,"Zo groot als een sesamzaadje.","De 'ik ben een beetje misselijk'-fase begint. Nog niet de hele dag, maar zo'n vlaag in de ochtend.","Jouw nieuwe ochtendritueel: crackers op het nachtkastje. Geen vragen stellen, gewoon doen. Je bent een held.","'Ochtendmisselijkheid' kan op elk moment van de dag toeslaan. Het wordt veroorzaakt door, je raadt het al, hormonen. Gember en kleine, lichte maaltijden kunnen helpen.","Haar maag is een bootje op een onrustige zee. Soms is het windstil, soms is er een storm op komst.","Een groen aangelopen sesamzaadje dat op een deinend schip staat.","https://www.thuisarts.nl/zwanger/ik-ben-zwanger-en-misselijk"
11,2,"Zo groot als een sesamzaadje.","Ze is moe. Niet 'ik heb slecht geslapen'-moe, maar 'ik heb drie marathons achter elkaar gelopen'-moe.","Als ze op de bank in slaap valt, leg dan een dekentje over haar heen en zet de tv op mute. Dat zijn de kleine dingen die tellen.","Het aanmaken van de placenta kost het lichaam enorm veel energie. Dit is de meest voorkomende klacht in het eerste trimester.","De kleine is een energie-vampier. Hij slurpt alle energie op voor de bouw van zijn 9-maanden-durend-paleis (de placenta).","Een sesamzaadje met een rietje, dat uit een batterij drinkt.","https://www.babycenter.nl/a25004913/de-ontwikkeling-van-je-baby-4-weken-zwanger"
12,2,"Zo groot als een sesamzaadje.","Ze is een paar dagen 'overtijd'. De spanning stijgt. Ze probeert het te negeren, maar jij ziet de radertjes draaien.","Vandaag is niet de dag voor grapjes over 'te laat komen'. Houd het neutraal. 'Kopje thee?' is altijd een goed antwoord.","Dit is het moment waarop de meeste vrouwen een zwangerschapstest overwegen. De menstruatie blijft uit omdat het baarmoederslijmvlies in stand wordt gehouden voor de baby.","De 'maandelijkse update' is gecanceld. Het management (de hormonen) heeft besloten de huidige situatie voor onbepaalde tijd te verlengen.","Een kalenderblad waarbij de 'menstruatie-dag' is doorgekrast en vervangen door een baby-icoontje.","https://www.oudersvannu.nl/zwanger/zwangerschap/zwangerschap-van-week-tot-week/4-weken-zwanger/"
13,2,"Zo groot als een sesamzaadje.","De test. Het moment van de waarheid. Twee streepjes. Of een plusje. Of het woord 'Zwanger'. Stilte.","Wat je ook voelt, jouw eerste reactie zet de toon. Een simpele 'Oké, wow' en een arm om haar heen is 1000 keer beter dan 'Weet je het zeker?'.","Een positieve zwangerschapstest is 99% betrouwbaar. Het meet de aanwezigheid van het hCG-hormoon in de urine. Tijd om de verloskundige te bellen.","Gefeliciteerd, {userName}. Je hebt zojuist de proloog van het boek uitgespeeld. Welkom bij Hoofdstuk 1.","Een zwangerschapstest met twee streepjes, die een 'thumbs up' geeft.","https://www.clearblue.com/nl/zwangerschapstesten/hoe-een-zwangerschapstest-werkt"
14,2,"Zo groot als een sesamzaadje.","De realiteit daalt in. {partnerName} staart vandaag misschien wat vaker in de verte. Jij waarschijnlijk ook.","Vandaag is een dag van stilte en grote gedachten. Laat het gebeuren. Je hoeft niet de hele tijd te praten.","Het nieuws verwerken kost tijd. Zowel voor haar als voor jou. Allerlei vragen en emoties komen op. Dat is volkomen normaal.","De servers van jullie hersenen zijn aan het crashen door de enorme hoeveelheid nieuwe data. Een reboot is nodig. Geef het tijd.","Twee hoofden met daarin draaiende 'loading' icoontjes.","https://www.siriz.nl/net-zwanger/emoties-tijdens-je-zwangerschap"
15,3,"Zo groot als een appelpit. Weer een level up.","Vandaag heeft ze een 'alles-is-stom'-dag. Haar broek zit niet lekker, de koffie smaakt raar, en jij ademt te luid.","Dit is geen aanval op jou. Het is een systeembrede hormoon-update. Jouw beste verdediging is chocola. En afstand.","De hormonen gieren door haar lijf, wat haar extra prikkelbaar kan maken. Het is tijdelijk. (Een soort van.)","Ze is een computer die een heel zwaar programma draait. Alles loopt een beetje trager en de ventilator (haar humeur) maakt veel lawaai.","Een appelpit met een boos gezicht en rook uit de oren.","https://www.24baby.nl/zwanger/zwangerschap-van-week-tot-week/6-weken-zwanger/"
16,3,"Zo groot als een appelpit.","Haar cravings beginnen. Vanochtend wilde ze augurken, vanmiddag zure matten. Vanavond? Wie zal het zeggen.","Jouw rol als jager-verzamelaar is geëvolueerd. Je jaagt niet meer op mammoeten, maar op potten augurken om 22:00 uur.","Zwangerschaps-cravings zijn een mysterie. Niemand weet precies waarom, maar het heeft waarschijnlijk te maken met veranderende voedingsbehoeften en hormonen.","Haar smaakpapillen zijn gekaapt door een kleine dictator. Vandaag eist hij zuur, morgen zout. Jij bent de onderhandelaar.","Een appelpit op een troon, die met een scepter naar een pot augurken wijst.","https://www.voedingscentrum.nl/nl/zwanger-en-kind/zwanger/eetgewoonten-tijdens-de-zwangerschap-craving-en-aversie.aspx"
17,3,"Zo groot als een appelpit.","Vandaag is ze misselijk. De hele dag. De term 'ochtendmisselijkheid' is een leugen, ontdekt ze.","Wees haar 'misselijkheids-buddy'. Zorg voor water, een emmer in de buurt en afleiding. En eet je vette hamburger buiten de deur.","De misselijkheid piekt vaak rond deze periode. Het is een teken dat de zwangerschapshormonen goed hun werk doen, maar het is loodzwaar.","De kleine is een DJ en de maag van je partner is de dansvloer. Hij draait de hele dag 'misselijk-makende' beats.","Een appelpit met een koptelefoon op, achter een draaitafel.","https://www.oudersvannu.nl/zwanger/zwangerschap/zwangerschap-van-week-tot-week/6-weken-zwanger/"
18,3,"Zo groot als een appelpit.","Ze maakt zich zorgen. 'Doe ik het wel goed? Eet ik wel het juiste?' De onzekerheid slaat toe.","Jouw mantra voor vandaag: 'Je doet het geweldig.' Herhaal dit. Ook als ze het niet gelooft. Ooit landt het.","Zorgen zijn normaal. Het is een teken dat ze een betrokken moeder wordt. Help haar door betrouwbare informatie te zoeken (maar niet te veel!).","Haar hoofd is Google, en de enige zoekterm is 'wat-als-het-fout-gaat'. Jouw taak is de browser af en toe te sluiten.","Een appelpit met een groot vraagteken boven zijn hoofd.","https://www.siriz.nl/net-zwanger/zorgen-tijdens-je-zwangerschap"
19,3,"Zo groot als een appelpit.","Vandaag heeft ze een 'energie-dip' van heb-ik-jou-daar. Ze valt in slaap terwijl ze haar tanden poetst. Bijna.","Neem het voortouw. 'Schat, ik kook vanavond. Ga jij maar even liggen.' Dit zijn de woorden die haar redden.","De ontwikkeling van de baby's organen is in volle gang. Dit kost bakken met energie. Rust is geen luxe, het is noodzaak.","De kleine is een bouwvakker die 24/7 doorwerkt. Geen wonder dat de directrice (je partner) af en toe instort.","Een appelpit met een bouwvakkershelm op, druk in de weer met een hamer.","https://www.babycenter.nl/a25004914/de-ontwikkeling-van-je-baby-6-weken-zwanger"
20,3,"Zo groot als een appelpit.","Ze heeft vandaag een 'opruim-woede'. Alles moet anders, schoner, beter. Het is het begin van de nesteldrang.","Blijf uit de weg. Of nog beter: help mee. Sorteer die oude tijdschriften. Je scoort er punten mee.","Nesteldrang is een oerinstinct om een veilige 'nest' te creëren voor de baby. Het kan in vlagen komen en gaan.","De kleine heeft via de interne post een memo gestuurd: 'Dit huis is een bende. Graag opruimen voor mijn aankomst.' {partnerName} is de uitvoerder.","Een appelpit met een checklist, die een huis inspecteert.","https://www.oudersvannu.nl/zwanger/zwangerschapskwalen/nesteldrang-tijdens-zwangerschap/"
21,3,"Zo groot als een appelpit.","Vandaag is de eerste afspraak bij de verloskundige. Spannend. Veel vragen, veel informatie.","Jouw rol: notulist. Schrijf de belangrijke dingen op. Je partner onthoudt de helft niet door de zenuwen. Jij bent haar externe harde schijf.","De eerste afspraak is een intake. Er wordt bloed afgenomen, de bloeddruk gemeten en er worden veel vragen gesteld over jullie gezondheid en levensstijl.","Dit is de eerste officiële project-kick-off. De verloskundige is de projectmanager. Jullie zijn de... tja, de cliënten.","Een verloskundige die een presentatie geeft aan een man en vrouw.","https://deverloskundige.nl/zwangerschap/subtekstpagina/23/de-eerste-afspraak/"
22,4,"Zo groot als een erwt. Een flinke stap.","Ze heeft vandaag voor het eerst zwangerschapskleding gegoogeld. Ze sluit de laptop snel als je binnenkomt.","Zeg iets als: 'Ik zag laatst een coole spijkerbroek met zo'n buikband. Zag er best comfortabel uit.' Maak het normaal.","Hoewel een buikje nog niet zichtbaar is, kan haar eigen kleding al strakker zitten door een opgezette buik en groeiende baarmoeder.","Haar kleding is in staking. Ze weigeren nog langer mee te werken onder de huidige omstandigheden. Tijd voor onderhandelingen.","Een spijkerbroek met gekruiste armen en een boos gezicht.","https://www.oudersvannu.nl/zwanger/shoppen/zwangerschapskleding-wanneer-begin-je-ermee/"
23,4,"Zo groot als een erwt.","Vandaag is ze duizelig als ze te snel opstaat. De wereld draait even voor haar.","Jouw nieuwe reflex: bied altijd een arm aan als ze opstaat. Je bent haar persoonlijke stabilisator.","Duizeligheid komt vaak voor. Haar bloedvolume neemt toe en haar bloeddruk kan lager zijn, wat dit effect veroorzaakt.","Haar interne evenwichtssysteem wordt geherkalibreerd. Soms hapert de software even.","Een erwt die op een slappe koord balanceert.","https://www.24baby.nl/zwanger/zwangerschapskwalen/duizeligheid-tijdens-zwangerschap/"
24,4,"Zo groot als een erwt.","Haar huid is onrustig. Puistjes. 'Ik lijk wel weer een puber,' zucht ze.","Zeg nooit: 'Oh ja, ik zie het.' Zeg: 'Je straalt.' Leugentje om bestwil is in dit geval een daad van liefde.","Hormonale acne is een veelvoorkomende kwaal. De talgproductie van de huid raakt van slag door de hormonen.","De hormonen geven een feestje en haar gezicht is de dansvloer. Helaas laten ze nogal wat rommel achter.","Een erwt met een paar kleine puistjes, die in de spiegel kijkt.","https://www.etos.nl/advies/zwanger/kwaaltjes/zwangerschapsacne/"
25,4,"Zo groot als een erwt.","Ze heeft vandaag hoofdpijn. Een zeurend, vervelend gevoel dat niet weggaat.","Zorg voor een donkere, stille kamer. Een koud washandje op haar voorhoofd doet wonderen. Je bent nu een parttime verpleger.","Hoofdpijn kan worden veroorzaakt door hormonen, vermoeidheid, stress of uitdroging. Paracetamol mag, maar met mate. Raadpleeg altijd de verloskundige.","Er is een file in haar hoofd. Allemaal hormonen die tegelijkertijd proberen de kruising over te steken.","Een erwt die zijn hoofd vasthoudt met een pijnlijke grimas.","https://deverloskundige.nl/zwangerschap/subtekstpagina/109/hoofdpijn/"
26,4,"Zo groot als een erwt.","Ze vertelt het vandaag aan haar beste vriendin. Jij hoort het gegil door de telefoon.","Geef haar de ruimte om dit moment te delen. Dit is haar 'inner circle'. Jouw beurt komt nog.","Het delen van het nieuws is een grote stap. Het maakt het 'echter'. Vaak wordt gewacht tot de termijnecho, maar sommigen delen het eerder met naasten.","Het nieuws is als een geheim agent die eindelijk zijn cover mag opblazen. De eerste missie is het informeren van de bondgenoten.","Twee vrouwen die elkaar gillend omhelzen.","https://www.oudersvannu.nl/zwanger/zwangerschap/wanneer-vertel-je-dat-je-zwanger-bent/"
27,4,"Zo groot als een erwt.","Vandaag is de eerste echo misschien gepland. De dag dat je {babyName} voor het eerst als een klein, knipperend lichtje ziet.","Houd haar hand vast. Het is oké om emotioneel te worden. Ja, jij ook. Het is een klein wonder op een groot scherm.","De eerste echo is vaak rond 8-10 weken. Je kunt het hartje zien kloppen. Het is een bevestiging dat alles (voor nu) goed gaat.","Dit is de trailer van de film die de komende 18 jaar van je leven gaat bepalen. Geniet van dit voorproefje.","Een klein, knipperend lichtje op een echo-scherm, met een pijl 'Jij bent hier'.","https://deverloskundige.nl/zwangerschap/subtekstpagina/24/echo-s/"
28,4,"Zo groot als een erwt.","Ze is vandaag opgelucht en blij na de goede echo. Een 'zwangerschapsgloed' begint zichtbaar te worden.","Dit is een goed moment om haar mee uit eten te nemen. Vier deze mijlpaal. Ze heeft het verdiend. Jij ook.","Na een goede eerste echo neemt de onzekerheid vaak af en kan het genieten beginnen. De zogenaamde 'gloed' komt door een betere doorbloeding van de huid.","De eerste level-boss is verslagen. De sfeer in het team is top. Tijd voor een 'victory dinner'.","Een stralende erwt met een halo boven zijn hoofd.","https://www.24baby.nl/zwanger/zwangerschap-van-week-tot-week/8-weken-zwanger/"
29,5,"Zo groot als een bosbes. Hij past nog steeds makkelijk op een theelepel.","Vandaag ruikt {partnerName} dingen die er niet zijn. Of erger: dingen die er wél zijn, maar dan 10x zo sterk. Jouw aftershave is nu een chemische aanval.","Jouw missie voor vandaag: word een 'geur-ninja'. Identificeer en elimineer alle sterke luchtjes in huis voordat ze haar bereiken.","Het reukvermogen wordt extreem gevoelig door het oestrogeenhormoon. De neurale buis van de baby, de voorloper van de hersenen en het ruggenmerg, begint zich te sluiten.","De kleine bouwt zijn eigen commandocentrum (de hersenen). Dit vereist opperste concentratie en een geurvrije omgeving. Logisch.","Een bosbes met een gasmasker op.","https://www.24baby.nl/zwanger/zwangerschap-van-week-tot-week/7-weken-zwanger/"
30,5,"Zo groot als een bosbes.","Ze heeft vandaag besloten dat ze koffie haat. Het drankje waar ze gisteren nog een moord voor deed.","Knik en haal thee. Probeer de logica niet te volgen, want die is met vakantie. Jouw taak is faciliteren, niet begrijpen.","Voedselaversie is het tegenovergestelde van een craving. Dingen die ze normaal lekker vindt, kunnen haar nu tegenstaan. Het hartje van de baby begint nu twee kamers te vormen.","Het hart van de baby krijgt een upgrade. Van een studio naar een tweekamerappartement. Dat moet gevierd worden met... thee, blijkbaar.","Een koffiekopje dat wegrent voor een boos kijkende vrouw.","https://www.oudersvannu.nl/zwanger/zwangerschap/zwangerschap-van-week-tot-week/7-weken-zwanger/"
31,5,"Zo groot als een bosbes.","Vandaag is de 'opgeblazen buik'-dag. Ze voelt zich een wandelende ballon, ook al zie jij nog niks.","Maak geen grappen over ballonnen. Zeg ook niet 'ik zie niks'. Zeg: 'Zullen we een joggingbroek-dag houden? Ik doe mee.' Solidariteit, maat.","Progesteron vertraagt de spijsvertering, wat kan leiden tot een opgeblazen gevoel en winderigheid. Het is een charmant onderdeel van het proces.","Haar darmen zijn nu een soort slome-mensen-snelweg. Alles gaat op z'n dooie gemak, met files en opstoppingen als gevolg.","Een bosbes die nonchalant op een opblaasbare buik leunt.","https://www.babycenter.nl/a549284/opgeblazen-gevoel-en-winderigheid-tijdens-de-zwangerschap"
32,5,"Zo groot als een bosbes.","Ze moet elke 5 minuten plassen. Je overweegt een chemisch toilet naast de bank te installeren.","Doe het niet. Maar time jullie uitjes wel van wc naar wc. Je bent nu een toeristengids voor openbare toiletten.","De groeiende baarmoeder drukt op de blaas. Dit wordt alleen maar erger, en dan weer even beter, en dan weer erger. Welkom bij de rit.","De baby gebruikt haar blaas als zijn persoonlijke boksbal. En hij is al flink aan het trainen.","Een bosbes met bokshandschoenen aan, die tegen een blaas aan het stoten is.","https://www.24baby.nl/zwanger/zwangerschapskwalen/vaak-plassen-tijdens-zwangerschap/"
33,5,"Zo groot als een bosbes.","Vandaag heeft ze een huilbui omdat de pindakaas op is. Het gaat niet om de pindakaas. Het gaat nooit om de pindakaas.","Koop twee potten pindakaas. Eén voor nu, en één voor de volgende 'noodsituatie'. Je bent een probleemoplosser.","De hormonen zijn in volle gang, wat haar emotioneel kwetsbaarder maakt. Kleine problemen kunnen voelen als het einde van de wereld.","Haar emotionele thermostaat is kapot. Het is of ijskoud, of bloedheet. Een tussenweg is er niet.","Een vrouw die huilt boven een lege pot pindakaas.","https://www.siriz.nl/net-zwanger/emoties-tijdens-je-zwangerschap"
34,5,"Zo groot als een bosbes.","Ze is vandaag extreem moe, maar kan 's avonds de slaap niet vatten. Welkom in de paradox van de zwangerschap.","Stel een schermverbod in voor het slapengaan. Voor jullie beiden. Lees een boek. Of staar naar het plafond. Samen.","Slapeloosheid is een veelvoorkomende klacht, zelfs als ze overdag uitgeput is. Lichamelijke ongemakken en piekeren zijn vaak de oorzaak.","Haar lichaam schreeuwt 'slapen!', maar haar hoofd schreeuwt 'denken over alles!'. Haar hoofd wint meestal.","Een schaapje dat over een hek springt, maar wordt tegengehouden door een groot 'STOP'-bord.","https://www.oudersvannu.nl/zwanger/zwangerschapskwalen/slapeloosheid-tijdens-zwangerschap/"
35,5,"Zo groot als een bosbes.","'Vind je me nog wel aantrekkelijk?' vraagt ze vandaag, terwijl ze in haar joggingbroek op de bank zit.","Kijk haar aan. Zeg: 'Meer dan ooit.' Meen het. Ze bouwt een mens. Dat is het meest badass en sexy wat er is.","Lichamelijke veranderingen en ongemakken kunnen haar onzeker maken over haar uiterlijk. Jouw bevestiging is cruciaal.","Ze voelt zich misschien een opgeblazen, humeurige versie van zichzelf. Jouw taak is om de superheld te zien die ze is.","Een vrouw in joggingbroek die in de spiegel kijkt en een superhelden-schaduw ziet.","https://www.psychologenpraktijkbraam.nl/blog/onzekerheid-over-je-uiterlijk-tijdens-de-zwangerschap"
36,6,"Zo groot als een kidneyboon. Hij lijkt nu meer op een garnaal dan op een boon.","Ze heeft de eerste afspraak met de verloskundige achter de rug en is nu een wandelende encyclopedie van 'wat-mag-niet'.","Luister en leer. En gooi die filet americain maar weg. Je doet het samen, dus je lijdt samen (een beetje).","Na de eerste afspraak wordt de lijst van 'verboden' voedingsmiddelen (rauw vlees, bepaalde kazen, etc.) heel concreet. Dit om infecties te voorkomen.","Jullie koelkast is nu een high-security zone. Alleen goedgekeurde items mogen naar binnen. Jij bent de bewaker.","Een kidneyboon in een politie-uniform die een stuk filet americain tegenhoudt.","https://www.voedingscentrum.nl/nl/zwanger-en-kind/zwanger/wat-kan-ik-wel-en-niet-eten-tijdens-mijn-zwangerschap.aspx"
37,6,"Zo groot als een kidneyboon.","Vandaag is de dag van de 'rare dromen'. Ze wordt wakker en vertelt je dat ze gedroomd heeft dat ze beviel van een broodrooster.","Lach erom. En vraag of het een goede broodrooster was. Humor is de beste manier om met de gekte om te gaan.","Levendige, bizarre dromen komen vaak voor. Hormonen en de onbewuste verwerking van alle nieuwe informatie en angsten spelen een rol.","Haar onderbewustzijn is een filmregisseur die een flinke dosis LSD heeft genomen. De films zijn raar, maar meestal onschadelijk.","Een vrouw die een broodrooster in een babydekentje wiegt.","https://www.oudersvannu.nl/zwanger/zwangerschapskwalen/raar-dromen-tijdens-zwangerschap/"
38,6,"Zo groot als een kidneyboon.","Ze bestudeert haar buik in de spiegel. Is dat een buikje? Of gewoon de lunch?","Zeg: 'Ik zie het! Het is een begin!' Ook al is het de lunch. Je bent haar grootste fan.","Hoewel de baarmoeder pas de grootte van een sinaasappel heeft, kan de buik al opzetten. Dit is het prille begin van de 'baby bump'.","De eerste steen van het huis is gelegd. Het is nog geen villa, maar het fundament is er.","Een vergrootglas dat gericht is op een licht bollend buikje.","https://www.24baby.nl/zwanger/zwangerschap-van-week-tot-week/9-weken-zwanger/"
39,6,"Zo groot als een kidneyboon.","Ze is vandaag 'zwangerschapsvergeetachtig'. Ze loopt naar de keuken en weet niet meer waarom.","Wees haar externe harde schijf. 'Je wilde een glas water, schat.' Ze zal je dankbaar zijn.","'Zwangerschapsbrein' is een echt fenomeen. Veranderingen in hormonen en prioriteiten in de hersenen kunnen haar vergeetachtig maken.","Haar hersenen zijn aan het opruimen om ruimte te maken voor 'baby-informatie'. Sommige oude bestanden (zoals 'waarom-ik-naar-de-keuken-liep.doc') worden per ongeluk verwijderd.","Een brein met een 'out of office' reply aan.","https://www.babycenter.nl/a549285/zwangerschapsdementie"
40,6,"Zo groot als een kidneyboon.","Vandaag heeft ze een 'ik-voel-me-geweldig'-dag. Een zeldzame dag zonder misselijkheid en met energie.","Geniet ervan! Ga iets leuks doen. Een wandeling, een terrasje. Pluk de dag, want morgen kan de misselijkheid weer de baas zijn.","Het eerste trimester kan vlagen van welzijn hebben. De hormonen zijn dan even in balans. Dit zijn de dagen om te koesteren.","De hormonale storm is even gaan liggen. Er is een regenboog zichtbaar. Geniet van het uitzicht.","Een kidneyboon die met een zonnebril op in een hangmat ligt.","https://www.oudersvannu.nl/zwanger/zwangerschap/zwangerschap-van-week-tot-week/9-weken-zwanger/"
41,6,"Zo groot als een kidneyboon.","Ze heeft de eerste echo foto. Ze kijkt er de hele dag naar. Naar dat kleine, witte garnaaltje.","Zeg: 'Hij heeft jouw neus.' Het is een leugen, hij heeft nog niet eens een neus, maar het is de juiste leugen.","De echo is het eerste, tastbare bewijs. Het maakt de abstracte zwangerschap 'echt'. Het is een krachtig, emotioneel moment.","Dat kleine witte vlekje is de hoofdrolspeler in jullie nieuwe film. En hij heeft nu al zijn eerste 'headshot'.","Een echofoto van een kidneyboon met een pijl: 'De ster van de show'.","https://deverloskundige.nl/zwangerschap/subtekstpagina/24/echo-s/"
42,6,"Zo groot als een kidneyboon.","Vandaag begint ze met het downloaden van zwangerschapsapps. Haar telefoon staat ineens vol met roze iconen.","Installeer deze app op haar telefoon (als dat technisch kan). Zeg: 'Deze is voor jou. En deze is voor ons.'","Zwangerschapsapps bieden veel informatie en een gevoel van controle. Het is een manier om de ontwikkeling bij te houden.","Ze verzamelt nu data. Ze is de analist van 'Project Baby'. Jouw app wordt de 'management-samenvatting'.","Een telefoon met allemaal roze, bloemige app-iconen en één stoer 'Project Papa'-icoon.","https://www.oudersvannu.nl/zwanger/handig/de-beste-zwangerschapsapps/"
43,7,"Zo groot als een kikkererwt. Of een Tic Tac. Net wat je in je broekzak hebt.","Vandaag heeft ze een 'alles stinkt'-dag. Jouw adem, de vuilniszak, de 'geurloze' zeep. Alles.","Adem uit in de andere richting. En word de beste vriend van de vuilnisman. Vandaag ben jij de 'Lord of the Bins'.","Het reukvermogen is nog steeds super-powered. De baby ontwikkelt nu kleine, zwemvlies-achtige handjes en voetjes.","De kleine krijgt nu flippers. Hij bereidt zich voor op een negen maanden durende duik in de 'baarmoeder-oceaan'.","Een kikkererwt met kleine zwemvliezen aan zijn handen en voeten.","https://www.24baby.nl/zwanger/zwangerschap-van-week-tot-week/8-weken-zwanger/"
44,7,"Zo groot als een kikkererwt.","Ze heeft vandaag een intense, specifieke craving. Niet zomaar 'chocola', maar 'die ene reep met karamel en zeezout van dat ene merk'.","Word een detective. Jouw missie: vind de specifieke reep. Het succesvol volbrengen van deze missie levert je minimaal 24 uur aan goodwill op.","Cravings kunnen heel specifiek worden. De baby's kleine 'staartje' (een overblijfsel van de evolutie) begint nu te verdwijnen.","De baby verliest zijn staart. Hij wordt nu officieel meer mens dan kikkervisje. Een mijlpaal die gevierd moet worden met... chocola, blijkbaar.","Een kikkererwt die een klein staartje afwerpt.","https://www.oudersvannu.nl/zwanger/zwangerschap/zwangerschap-van-week-tot-week/8-weken-zwanger/"
45,7,"Zo groot als een kikkererwt.","Vandaag is ze weer duizelig. De wereld is een draaimolen en zij wil eruit.","Jouw standaardreactie wordt: 'Ga even zitten, schat. Ik pak een glas water.' Automatiseer dit. Het is je nieuwe basisprotocol.","De bloedsomloop past zich nog steeds aan. Het hart moet harder werken om bloed rond te pompen, wat duizeligheid kan veroorzaken. De baby's ellebogen kunnen nu buigen.","De baby kan nu zijn armen buigen. Hij oefent al voor zijn eerste 'kom maar op dan'-gebaar naar de buitenwereld.","Een kikkererwt die zijn kleine armpjes buigt als een bodybuilder.","https://www.babycenter.nl/a25004915/de-ontwikkeling-van-je-baby-8-weken-zwanger"
46,7,"Zo groot als een kikkererwt.","Ze heeft vandaag last van brandend maagzuur. Een vervelend, branderig gevoel. 'Alsof er een draak in m'n keel woont.'","Vla en droge crackers zijn je vrienden. Zet ze op het boodschappenlijstje. En houd de Rennies binnen handbereik.","Het hormoon progesteron verslapt de spieren, inclusief de sluitspier tussen de maag en de slokdarm. Hierdoor kan maagzuur makkelijker omhoog komen.","De toegangspoort van haar maag staat op een kiertje. En de zure bewoners van de maag proberen constant te ontsnappen.","Een kleine draak die uit de keel van een vrouw gluurt.","https://www.thuisarts.nl/zwanger/ik-ben-zwanger-en-heb-last-van-maagzuur"
47,7,"Zo groot als een kikkererwt.","Ze is vandaag extreem prikkelbaar. Je hebt het gevoel dat je over een mijnenveld loopt.","Loop op je tenen. En als er toch een bom ontploft, is jouw enige reactie: 'Sorry'. Waarvoor? Maakt niet uit. Gewoon 'sorry'.","De hormonale achtbaan is op zijn hoogtepunt. Prikkelbaarheid en stemmingswisselingen zijn intens. Het is niet persoonlijk.","Haar lontje is vandaag zo kort als de baby groot is. Extreem kort dus. Blijf uit de buurt van open vuur.","Een kikkererwt die boos met zijn armen over elkaar staat.","https://www.oudersvannu.nl/zwanger/zwangerschapskwalen/kort-lontje-tijdens-zwangerschap/"
48,7,"Zo groot als een kikkererwt.","Ze maakt zich zorgen over de eerste echo. 'Wat als er niks te zien is? Wat als het hartje niet klopt?'","Stel haar gerust. 'De kans is heel groot dat alles goed is. En wat er ook gebeurt, we doen het samen.' Dat laatste is het belangrijkst.","Zorgen voor de eerste echo zijn heel normaal. Het is het eerste moment van echte bevestiging. De hersenactiviteit van de baby begint nu.","De baby's hersenen zenden hun eerste signalen uit. Waarschijnlijk iets als: 'Maak je geen zorgen daarbuiten, ik heb het hier prima.'","Een kikkererwt met kleine bliksemschichtjes die uit zijn hoofd komen.","https://deverloskundige.nl/zwangerschap/subtekstpagina/24/echo-s/"
49,7,"Zo groot als een kikkererwt.","Ze voelt zich vandaag 'gewoon niet zwanger'. Geen misselijkheid, geen vermoeidheid. Dit zorgt voor paniek.","'Geniet er even van,' is het foute antwoord. Zeg: 'Symptomen komen en gaan, dat is normaal. Het betekent niks.'","Het is heel normaal dat symptomen fluctueren. Een dag zonder kwalen is geen slecht teken, maar kan wel voor onzekerheid zorgen.","De hormonen hebben vandaag een collectieve snipperdag genomen. Morgen zijn ze weer vol aan de bak.","Een kalender waar een dag is omcirkeld met 'Hormoon Vrije Dag'.","https://www.babycenter.nl/x25012297/is-het-normaal-dat-mijn-zwangerschapssymptomen-verdwijnen"
50,8,"Zo groot als een framboos. Of een M&M.","Vandaag is de dag dat ze het misschien aan haar ouders vertelt. De spanning is om te snijden.","Jouw rol: steunpilaar. Sta naast haar, houd haar hand vast en lach om de flauwe grapjes van je schoonvader.","Het aan de (schoon)ouders vertellen is een grote mijlpaal. Wees voorbereid op allerlei reacties, van tranen van geluk tot ongevraagd advies.","Jullie lanceren vandaag de 'bom'. De reacties kunnen variëren van een vreugdedans tot een complete 'system meltdown'. Wees op alles voorbereid.","Een framboos die een microfoon vasthoudt, klaar voor een grote aankondiging.","https://www.oudersvannu.nl/zwanger/zwangerschap/wanneer-vertel-je-dat-je-zwanger-bent/"
51,8,"Zo groot als een framboos.","Ze heeft vandaag een 'ik pas niks meer'-crisis, ook al is er nog geen buik te zien.","Tijd voor de 'joggingbroek-upgrade'. Koop een nieuwe, comfortabele broek voor haar. Niet sexy, wel een schot in de roos.","Een opgeblazen gevoel en gevoelige buik kunnen ervoor zorgen dat haar normale kleding al niet meer lekker zit.","Haar kleding en haar buik hebben ruzie. Jij bent de diplomaat die met een vredesvoorstel komt: een zachte, elastische band.","Een spijkerbroek en een joggingbroek die aan het touwtrekken zijn.","https://www.24baby.nl/zwanger/mode-beauty/zwangerschapskleding/"
52,8,"Zo groot als een framboos.","Ze heeft vandaag extra speeksel. Klinkt raar, is het ook. Ze moet vaker slikken.","Merk het niet op. Of als je het opmerkt, zeg er niks over. Sommige dingen zijn te raar voor woorden.","Overmatige speekselproductie (ptyalisme) is een zeldzamer, maar vervelend kwaaltje. Het hangt vaak samen met misselijkheid.","Haar speekselklieren werken overuren. Ze produceren voor een heel elftal.","Een framboos die aan het surfen is op een golf van speeksel.","https://www.babycenter.nl/a549286/overmatige-speekselproductie-tijdens-de-zwangerschap"
53,8,"Zo groot als een framboos.","Ze leest vandaag een artikel over een of andere zeldzame complicatie en is in alle staten.","Sla de laptop dicht. Zeg: 'Dr. Google is een idioot. Laten we onze verloskundige vertrouwen.' Leid haar af met een film.","Te veel informatie zoeken op internet kan leiden tot onnodige angst. Beperk de 'research' tot betrouwbare bronnen.","Het internet is een konijnenhol vol enge verhalen. Jouw taak is om haar af en toe uit dat hol te trekken.","Een man die een laptop dichtklapt waar een spook uit komt.","https://deverloskundige.nl/zwangerschap/subtekstpagina/108/informatie-en-advies/"
54,8,"Zo groot als een framboos.","Ze is vandaag sentimenteel. Ze vindt een oude foto en begint te huilen.","Knuffel. Zeg niks. Laat de emotie er gewoon zijn. Je hoeft het niet op te lossen.","De hormonen versterken alle emoties, zowel positieve als negatieve. Sentimentaliteit hoort daar ook bij.","Haar hart is vandaag een open kraan. De kleinste aanleiding zorgt voor een overstroming.","Een framboos die een traantje wegpinkt bij een oude foto.","https://www.siriz.nl/net-zwanger/emoties-tijdens-je-zwangerschap"
55,8,"Zo groot als een framboos.","Ze heeft vandaag een 'brain fog'. Ze vergeet haar sleutels, haar afspraak, haar eigen naam bijna.","Wees haar geheugensteun. Stuur een appje om haar aan die afspraak te herinneren. Zie jezelf als haar persoonlijke assistent.","'Zwangerschapsbrein' is in volle gang. Haar hersenen zijn druk met andere dingen, dus de 'normale' functies staan op een lager pitje.","De harde schijf in haar hoofd is aan het defragmenteren. Het is een zooitje, maar het komt goed.","Een brein vol met mist en vraagtekens.","https://www.oudersvannu.nl/zwanger/zwangerschapskwalen/zwangerschapsdementie/"
56,8,"Zo groot als een framboos.","De termijnecho komt dichterbij. De zenuwen gieren door haar lijf, en stiekem ook door het jouwe.","Plan iets leuks om te doen ná de echo. Een lunch, een wandeling. Iets om naar uit te kijken, wat de uitslag ook is.","De termijnecho (rond 10-12 weken) is een grote mijlpaal. De uitgerekende datum wordt vastgesteld en je ziet een echt mini-mensje.","Dit is de eerste grote 'apk-keuring' van de baby. Logisch dat de eigenaren (jullie) zenuwachtig zijn.","Een kalender met een grote rode cirkel om de 'echo-dag', met bliksemschichten eromheen.","https://www.24baby.nl/zwanger/onderzoeken/termijnecho/"
57,9,"Zo groot als een olijf. Eentje zonder pit.","Vandaag heeft ze haar eerste 'echte' zwangerschapsbroek gekocht. Het voelt als een nederlaag en een overwinning tegelijk.","Zeg: 'Staat je goed! En ziet er super comfortabel uit.' Comfort is de komende maanden de heilige graal.","De baby is nu officieel geen embryo meer, maar een foetus. Alle essentiële organen zijn aangelegd en beginnen nu te rijpen. De staart is verdwenen.","De kleine heeft een promotie gemaakt! Van 'embryo in opleiding' naar 'junior foetus'. Dit vraagt om een high five (op afstand).","Een olijf met een klein stropdasje om, zittend achter een bureau met 'Foetus' erop.","https://www.24baby.nl/zwanger/zwangerschap-van-week-tot-week/9-weken-zwanger/"
58,9,"Zo groot als een olijf.","De misselijkheid begint bij haar misschien eindelijk wat af te nemen. Ze durft weer een cracker te eten zonder angst.","Wees voorzichtig optimistisch. Juich niet te vroeg. Zeg: 'Fijn dat je je iets beter voelt vandaag.'","Voor veel vrouwen piekt de misselijkheid rond week 9 en neemt daarna langzaam af omdat de placenta de hormoonproductie begint over te nemen.","De hormonenfabriek heeft een nieuwe manager (de placenta) en die heeft de boel wat beter op orde. De misselijkheids-afdeling mag wat rustiger aan doen.","Een groen aangelopen gezichtje dat langzaam weer een normale kleur krijgt.","https://www.oudersvannu.nl/zwanger/zwangerschap/zwangerschap-van-week-tot-week/10-weken-zwanger/"
59,9,"Zo groot als een olijf.","Ze is vandaag geobsedeerd door de vraag of het een jongen of een meisje is. Ze analyseert de vorm van haar buik (die er nog niet is).","Speel het spelletje mee. 'Je draagt hoog, dus het is een...' en verzin dan iets. Het gaat om het meedoen, niet om de wetenschap.","Het geslacht is al bepaald, maar is op een echo nog niet te zien. De uitwendige geslachtsorganen beginnen zich nu te vormen.","De kleine bouwvakker beslist nu of hij een 'extraatje' gaat bouwen of niet. De blauwdrukken zijn definitief.","Een olijf die voor een blauw en een roze deurtje staat te twijfelen.","https://www.babycenter.nl/a25004916/de-ontwikkeling-van-je-baby-9-weken-zwanger"
60,9,"Zo groot als een olijf.","Vandaag voelt ze zich onzeker over alle veranderingen. 'Mijn lichaam is mijn lichaam niet meer.'","Herinner haar eraan dat haar lichaam iets ongelofelijks doet. 'Je lichaam is nu een superhelden-fabriek.'","Het is een enorme mentale stap om te accepteren dat je lichaam 'geleend' wordt voor negen maanden. Dit kan voor een identiteitscrisis zorgen.","Haar lichaam is overgenomen door een nieuwe CEO ({babyName}). Ze is nu de 'facility manager'. Het is een tijdelijke, maar intense functie.","Een vrouw die in de spiegel kijkt en haar eigen lichaam met een 'under construction'-bordje ziet.","https://www.psychologenpraktijkbraam.nl/blog/onzekerheid-over-je-uiterlijk-tijdens-de-zwangerschap"
61,9,"Zo groot als een olijf.","Ze heeft vandaag een 'vreetkick'. Niet per se een craving, maar gewoon... honger. De hele tijd.","Zorg voor gezonde snacks. En ongezonde. Zorg gewoon voor snacks. Altijd. Overal. Jij bent de snack-manager.","Haar lichaam bouwt in een razend tempo en heeft daar brandstof voor nodig. Constante honger is een goed teken.","De motor van de baby-fabriek draait op volle toeren en heeft constant brandstof nodig. Jij bent de man van het tankstation.","Een olijf die met een megafoon 'MEER SNACKS!' roept.","https://www.oudersvannu.nl/zwanger/voeding/eetbuien-tijdens-je-zwangerschap/"
62,9,"Zo groot als een olijf.","Ze heeft vandaag een verstopte neus, maar is niet verkouden. Weer zo'n raar kwaaltje.","Een luchtbevochtiger kan helpen. En neusspray op zoutwaterbasis. Je bent nu ook een KNO-arts in opleiding.","'Zwangerschapsrhinitis' wordt veroorzaakt door een verhoogde bloedtoevoer naar de slijmvliezen in de neus.","Haar neus denkt dat het constant hooikoortsseizoen is.","Een olijf met een rood, verstopte neus.","https://www.24baby.nl/zwanger/zwangerschapskwalen/verstopte-neus-tijdens-zwangerschap/"
63,9,"Zo groot als een olijf.","Vandaag is het 'vertel-het-de-vrienden'-dag. De reacties zijn geweldig, maar ook vermoeiend.","Wees de 'sociale batterij-bewaker'. Als je ziet dat ze moe wordt, kap je het feestje af. 'Tijd voor ons om te gaan, {partnerName} is moe.'","Het nieuws delen met de vriendengroep is leuk, maar kan ook veel energie kosten. Bescherm haar tegen te veel sociale verplichtingen.","Jullie hebben de persconferentie gehouden. Nu is het tijd om terug te trekken in het hoofdkwartier.","Een olijf die omringd is door lachende gezichten, maar er zelf uitgeput uitziet.","https://www.oudersvannu.nl/zwanger/zwangerschap/wanneer-vertel-je-dat-je-zwanger-bent/"
64,10,"Zo groot als een spruitje. Je favoriete groente. Of niet.","Ze voelt zich vandaag wat beter en krijgt een vlaag van overmoed. 'Laten we de hele garage opruimen!'","Rem haar af. 'Goed idee, schat. Laten we beginnen met dat ene hoekje en dan kijken we hoe je je voelt.' Jij bent de projectmanager.","Nu de misselijkheid misschien afneemt, kan de energie terugkomen. Maar haar lichaam is nog steeds hard aan het werk. Overbelasting ligt op de loer.","Ze voelt zich even een superheld. Jouw taak is om te zorgen dat ze haar cape niet verbrandt door te dicht bij de zon te vliegen.","Een spruitje met een superhelden-cape die wordt tegengehouden door een grote hand.","https://www.24baby.nl/zwanger/zwangerschap-van-week-tot-week/10-weken-zwanger/"
65,10,"Zo groot als een spruitje.","Haar tandvlees bloedt bij het tandenpoetsen. Ze schrikt ervan.","Stel haar gerust. Het is normaal. En zorg dat ze naar de tandarts gaat voor een controle. Jij boekt de afspraak.","Door hormonen wordt het tandvlees beter doorbloed en gevoeliger, wat kan leiden tot bloedingen. Een tandartsbezoek is aan te raden.","Haar mond is een overgevoelig gebied geworden. Behandel het met zorg.","Een spruitje dat zijn tanden poetst en schrikt van een druppeltje bloed.","https://www.allesoverhetgebit.nl/alles-over-mondgezondheid/behandelingen/zwangerschap-en-mondgezondheid/"
66,10,"Zo groot als een spruitje.","Ze heeft vandaag voor het eerst naar een kinderwagen gekeken op internet. En schrok van de prijzen.","Zeg: 'Marktplaats wordt onze beste vriend.' En begin je alvast te verdiepen in de wereld van Isofix en driewielers.","De 'baby-uitzet' is een financieel mijnenveld. Begin op tijd met oriënteren en maak een budget.","Jullie gaan een nieuw voertuig aanschaffen. Het heeft meer opties dan jullie auto en kost bijna net zoveel.","Een spruitje dat met grote ogen naar een prijskaartje van een kinderwagen kijkt.","https://www.consumentenbond.nl/kinderwagen/wat-kost-een-babyuitzet"
67,10,"Zo groot als een spruitje.","Haar aderen zijn ineens zichtbaarder. Vooral op haar borsten en buik. Ze voelt zich een wandelende landkaart.","Zeg: 'Dat zijn de snelwegen die de brandstof naar {babyName} brengen. Super efficiënt.'","Het bloedvolume neemt toe, waardoor de aderen uitzetten en beter zichtbaar worden. Het is een teken dat haar lichaam de baby goed ondersteunt.","Haar lichaam legt een heel nieuw wegennet aan om de 'fabriek' te bevoorraden.","Een spruitje dat op een netwerk van blauwe aderen rijdt als op een racebaan.","https://www.24baby.nl/zwanger/zwangerschapskwalen/spataderen-tijdens-zwangerschap/"
68,10,"Zo groot als een spruitje.","Vandaag is ze onhandig. Ze stoot dingen om, laat haar telefoon vallen.","Lach er niet om. (Oké, een beetje mag). Ruim het op en geef haar een knuffel. 'Geeft niks, schat.'","Haar zwaartepunt begint langzaam te veranderen en de 'zwangerschapsmist' in haar hoofd kan haar coördinatie beïnvloeden.","Haar interne gyroscoop is van slag. Ze is tijdelijk gekalibreerd voor een ander lichaam.","Een spruitje dat een kopje koffie omstoot.","https://www.babycenter.nl/a549285/zwangerschapsdementie"
69,10,"Zo groot als een spruitje.","Ze heeft de termijnecho. Ze is doodzenuwachtig.","Jij bent de rust zelve (of je doet alsof). Houd haar hand vast en zeg: 'We gaan zo ons kind zien, hoe cool is dat?'","De termijnecho is een medisch onderzoek, maar ook een ongelofelijk speciaal moment. Je ziet een mini-mensje bewegen.","Vandaag is de première van de film 'Project {babyName}'. En jullie zitten op de eerste rij.","Een echo-scherm waarop een spruitje zwaait.","https://deverloskundige.nl/zwangerschap/subtekstpagina/24/echo-s/"
70,10,"Zo groot als een spruitje.","De echo was goed! De opluchting is immens. Vandaag is een dag van pure blijdschap.","Vier het! Bestel haar favoriete (zwangerschapsproof) eten. Zet haar favoriete film op. Vandaag draait alles om haar.","Na een goede termijnecho valt er vaak een last van de schouders. De kans op een miskraam is nu aanzienlijk kleiner. Het 'veilige' tweede trimester komt eraan.","Level 1 is voltooid. Jullie hebben een 'save point' bereikt. Tijd voor een overwinningsdans.","Een spruitje dat een feestmuts op heeft en met confetti gooit.","https://www.oudersvannu.nl/zwanger/zwangerschap/12-weken-zwanger/"
71,11,"Zo groot als een vijg. Of een flessendop.","Ze durft het nu eindelijk aan de wereld te vertellen. De social media post wordt voorbereid.","Wees de eindredacteur. Check de tekst en de foto. Zorg dat het iets is waar jullie je beiden goed bij voelen.","Rond de 12 weken, na de goede termijnecho, kondigen de meeste mensen de zwangerschap 'officieel' aan.","De persconferentie gaat nu wereldwijd. Bereid je voor op een explosie van likes en ongevraagd advies.","Een vijg die een 'Breaking News' krant vasthoudt.","https://www.oudersvannu.nl/zwanger/zwangerschap/zwangerschap-aankondigen/"
72,11,"Zo groot als een vijg.","De 'zwangerschapsgloed' is nu echt aanwezig. Haar huid straalt.","Geef haar een compliment. 'Je ziet er geweldig uit vandaag.' Wees specifiek. 'Die gloed is geen mythe.'","De verhoogde bloedcirculatie en hormonen kunnen zorgen voor een gezonde, stralende huid.","Haar huid heeft een ingebouwde 'beautify' filter.","Een vijg die straalt en glinstert.","https://www.24baby.nl/zwanger/mode-beauty/zwangerschapsgloed/"
73,11,"Zo groot als een vijg.","Ze begint nu al na te denken over de babykamer. Pinterest staat vol met onbetaalbare ideeën.","Temper de verwachtingen. 'Laten we beginnen met de basis: een bedje, een commode en een goede stoel voor ons.'","De nesteldrang kan nu al beginnen. Het plannen van de babykamer is een leuke, maar soms overweldigende bezigheid.","Ze is nu een interieurarchitect voor een klant die pas over 6 maanden zijn wensen kan doorgeven.","Een vijg met een verfroller in zijn hand, die naar een kleurenpalet kijkt.","https://www.oudersvannu.nl/baby/babykamer/babykamer-inrichten/"
74,11,"Zo groot als een vijg.","Ze heeft last van haar darmen. Krampen, obstipatie. De 'glamoureuze' kant van zwanger zijn.","Zorg voor vezelrijk eten en veel water. En ga samen een blokje om. Beweging helpt.","Het hormoon progesteron verslapt ook de darmspieren, wat de spijsvertering vertraagt en voor obstipatie kan zorgen.","De interne loodgieterij is een beetje verstopt. Vezels en water zijn de beste ontstopper.","Een vijg die met een ontstopper probeert een buis vrij te maken.","https://www.thuisarts.nl/verstopping/ik-ben-zwanger-en-heb-last-van-verstopping"
75,11,"Zo groot als een vijg.","Haar libido kan ineens veranderen. Het kan omhoog schieten, of compleet verdwijnen.","Praat erover. 'Hoe voel jij je?' is een betere vraag dan initiatief nemen en afgewezen worden. Communicatie is alles.","Hormonale schommelingen en lichamelijke veranderingen hebben een grote invloed op het libido. Dit kan per vrouw en per trimester enorm verschillen.","De 'seks-drive' is een auto die soms op een racecircuit rijdt en soms met een lege tank in de garage staat. Vraag even waar hij geparkeerd staat.","Een vijg die verleidelijk knipoogt en een andere vijg die geeuwend wegloopt.","https://www.seksualiteit.nl/onderwerpen/zwangerschap-en-seks/seks-tijdens-de-zwangerschap/"
76,11,"Zo groot als een vijg.","Ze begint zich zorgen te maken over de bevalling. Ze kijkt bevalvideo's. Slecht plan.","Verbied de bevalvideo's. Zeg: 'Laten we een zwangerschapscursus zoeken die bij ons past. Dan zijn we goed voorbereid.'","Angst voor de bevalling is normaal. Goede voorlichting en een cursus kunnen helpen om vertrouwen te krijgen.","Ze kijkt nu naar de trailer van de meest intense horrorfilm ooit. Jij moet de afstandsbediening afpakken en een comedy opzetten.","Een vijg die met grote, angstige ogen naar een laptop kijkt.","https://deverloskundige.nl/bevalling/subtekstpagina/51/je-voorbereiden-op-de-bevalling/"
77,11,"Zo groot als een vijg.","Vandaag voelt ze zich goed. Het tweede trimester, de 'honeymoon-fase' van de zwangerschap, is in zicht.","Geniet van deze periode. Plan een weekendje weg. Een 'babymoon'. De laatste keer met z'n tweeën.","Het tweede trimester (vanaf week 13/14) is vaak de fijnste periode. De misselijkheid is weg, de energie komt terug en de buik zit nog niet in de weg.","Jullie varen nu in rustiger water. De storm van het eerste trimester is voorbij. Geniet van het uitzicht.","Twee vijgen in een hangmat op een tropisch eiland.","https://www.oudersvannu.nl/zwanger/zwangerschap/tweede-trimester/"
78,12,"Zo groot als een frikandel. Ja, echt. Een mini-frikandel.","Het eerste trimester is voorbij! Mijlpaal! De kans op een miskraam is drastisch gedaald.","Vier dit. Een high five. Een knuffel. Misschien zelfs een alcoholvrij biertje. Jullie hebben de eerste grote horde genomen.","Na 12 weken is de meest kritieke fase van de ontwikkeling voorbij. Dit geeft veel aanstaande ouders een gevoel van opluchting.","Jullie hebben het eerste level uitgespeeld. De eindbaas (de misselijkheid) is verslagen. Op naar level 2!","Een frikandel die een medaille om zijn 'nek' heeft.","https://www.24baby.nl/zwanger/zwangerschap-van-week-tot-week/12-weken-zwanger/"
79,12,"Zo groot als een frikandel.","Ze past haar favoriete spijkerbroek niet meer. Dit is een emotioneel moment.","Tijd voor de eerste 'echte' zwangerschapsbroek. Ga samen winkelen. Maak er iets leuks van.","De baarmoeder groeit nu boven het schaambeen uit. Een klein buikje kan zichtbaar worden, waardoor normale broeken niet meer passen.","De oude garde (haar spijkerbroeken) wordt nu met pensioen gestuurd. Tijd voor de nieuwe, flexibele rekruten.","Een spijkerbroek die een traantje wegpinkt en een zwangerschapsbroek een hand geeft.","https://www.oudersvannu.nl/zwanger/shoppen/de-ideale-zwangerschapsbroek/"
80,12,"Zo groot als een frikandel.","Ze heeft een vlaag van hoofdpijn. De hormonale achtbaan is nog niet helemaal stilgevallen.","Een koud washandje, een donkere kamer en een glas water. Je kent het protocol.","Hoofdpijn kan blijven voorkomen. Zorg dat ze genoeg drinkt en rust neemt.","De hormonen geven nog een laatste afterparty voordat het tweede trimester echt begint.","Een frikandel die zijn hoofd vasthoudt.","https://deverloskundige.nl/zwangerschap/subtekstpagina/109/hoofdpijn/"
81,12,"Zo groot als een frikandel.","Ze begint zich af te vragen hoe jij je voelt. 'Vind je het niet eng?'","Wees eerlijk, maar stel gerust. 'Ja, soms wel. Maar ik vind het vooral heel bijzonder. En we doen het samen.'","Jouw gevoelens doen er ook toe. Het is goed om hierover te praten. Het versterkt jullie band.","Ze checkt even bij haar co-piloot. Geef een eerlijk statusrapport. 'Alle systemen zijn 'go', maar de piloot is wel een beetje zenuwachtig.'","Een man en een vrouw die in de cockpit van een vliegtuig zitten en elkaar een 'thumbs up' geven.","https://www.vadercommunity.nl/vaderschap/de-rol-van-de-vader-tijdens-de-zwangerschap/"
82,12,"Zo groot als een frikandel.","Ze heeft vandaag een 'ik-wil-alles-weten'-dag en leest over de NIPT-test.","Lees met haar mee. Bespreek de voors en tegens. Dit is een beslissing die jullie samen nemen.","De NIPT is een bloedtest die kan screenen op chromosomale afwijkingen, zoals het syndroom van Down. Het is een persoonlijke keuze om deze test te doen.","Jullie krijgen de optie voor een extra 'systeemanalyse'. Het is geen verplichting, maar een mogelijkheid. Bespreek als directie wat jullie gaan doen.","Een frikandel die een document met een vergrootglas bestudeert.","https://www.pns.nl/nipt"
83,12,"Zo groot als een frikandel.","Haar buik begint te jeuken. Een teken dat de huid begint op te rekken.","Smeren, smeren, smeren. Koop een goede, neutrale buikolie of -crème. Maak er een dagelijks ritueel van.","De huid van de buik rekt op, wat jeuk kan veroorzaken. Goed hydrateren kan helpen tegen de jeuk en mogelijk striae verminderen.","Haar buik is een landschap dat langzaam verandert. De jeuk is een teken van seismische activiteit.","Een frikandel die wordt ingesmeerd met een grote kwast bodylotion.","https://www.24baby.nl/zwanger/zwangerschapskwalen/jeuk-tijdens-zwangerschap/"
84,12,"Zo groot als een frikandel.","Het weekend begint. Ze heeft energie. Tijd voor een 'babymoon'-plan!","Open een laptop en zoek een leuke, chille bestemming. Niet te ver weg. Een huisje in het bos, een hotel aan zee.","Een laatste weekendje weg met z'n tweeën is een geweldig idee. Doe het in het tweede trimester, als ze zich op haar best voelt.","Plan de laatste missie als 'Team Twee'. Binnenkort worden jullie 'Team Drie' en zijn de missies... anders.","Twee frikandellen die met een cocktail (alcoholvrij) op een strandstoel liggen.","https://www.oudersvannu.nl/zwanger/babymoon-de-leukste-bestemmingen/"
88,13,"Zo groot als een perzik.","Ze begint nu al te praten tegen haar buik. Zachte, lieve woordjes.","Praat ook tegen de buik. Het voelt misschien raar, maar de baby kan trillingen en de toon van je stem al waarnemen. Het is jullie eerste 'gesprek'.","De oren van de baby zijn bijna volledig ontwikkeld. Hij kan geluiden van buiten de baarmoeder, zoals jouw stem, horen.","Je hebt nu een publiek van één. En hij is je grootste fan. Tijd om te oefenen met je 'vader-stem'.","Een perzik met twee grote oren, die luistert naar een man die tegen een buik praat.","https://www.oudersvannu.nl/zwanger/zwangerschap/contact-maken-met-je-baby-in-je-buik/"
89,13,"Zo groot als een perzik.","Ze maakt zich zorgen over striae. Ze smeert zich suf met allerlei dure crèmes.","Jouw taak: smeer haar rug in. De plekken waar ze niet bij kan. Het gaat niet om de crème, het gaat om de aandacht.","Striae is grotendeels erfelijk bepaald. Smeren kan de huid soepel houden, maar is geen wondermiddel.","Haar buik is een canvas dat wordt opgerekt. Er kunnen wat 'scheurtjes' in het schilderij komen. Die horen bij het kunstwerk.","Een man die liefdevol de rug van een zwangere vrouw insmeert.","https.www.etos.nl/advies/zwanger/kwaaltjes/striae-voorkomen/"
90,13,"Zo groot als een perzik.","Ze heeft vandaag een 'ik-mis-wijn'-moment. Vooral op een zonnig terras.","Bestel een mooie, alcoholvrije cocktail voor haar. En proost op de baby. Maak er een feestelijk alternatief van.","Het is normaal dat ze haar 'oude' leven soms mist. Erken dat gevoel, zonder het te problematiseren.","Ze rouwt een beetje om de spontane avonden met wijn. Jouw taak is om te laten zien dat de avonden met een kinderwagen ook leuk kunnen zijn. (Uiteindelijk).","Een vrouw die verdrietig naar een glas wijn kijkt, en een man die haar een kleurrijke alcoholvrije cocktail aanreikt.","https://www.oudersvannu.nl/zwanger/voeding/alcohol-en-zwangerschap/"
91,13,"Zo groot als een perzik.","Het weekend is hier. Tijd voor de 'babymoon'! Even weg met z'n tweeën.","Jouw enige taak dit weekend: haar verwennen. Ontbijt op bed, voetmassage, de afstandsbediening is van haar.","Een babymoon is de perfecte manier om nog even te genieten van de rust en van elkaar, voordat de baby komt.","Dit is de laatste vakantie als 'duo'. Geniet van de stilte. Binnenkort wordt 'stilte' een zeldzaam luxeproduct.","Twee perziken die proosten op een balkon met uitzicht op zee.","https://www.oudersvannu.nl/zwanger/babymoon-de-leukste-bestemmingen/"
92,14,"Zo groot als een blikje bier. Ja, je leest het goed. Proost.","Ze kan vandaag de hik van de baby misschien voor het eerst voelen. Kleine, ritmische schokjes in haar buik.","Leg je hand op haar buik en probeer het te voelen. Het is jullie geheime morsecode.","De baby slikt vruchtwater in en oefent zo zijn ademhaling, wat de hik kan veroorzaken. Het is een goed teken van ontwikkeling.","De kleine heeft de hik. Het is alsof hij alvast oefent voor zijn eerste avondje in de kroeg met jou.","Een blikje bier dat ritmisch schokt.","https://www.24baby.nl/zwanger/zwangerschap-van-week-tot-week/14-weken-zwanger/"
93,14,"Zo groot als een blikje bier.","Ze heeft vandaag last van 'bandenpijn'. Een scherpe, stekende pijn aan de zijkant van haar buik.","Stel haar gerust. Het is geen wee, het is het oprekken van de spieren en banden die de baarmoeder op zijn plek houden.","Bandenpijn is een veelvoorkomende, pijnlijke maar onschuldige kwaal. Het gebeurt als de baarmoeder groeit.","De 'ophanging' van de baarmoeder wordt flink opgerekt. Zie het als de schokdempers die moeten wennen aan een zwaardere lading.","Een baarmoeder die wordt opgehangen aan twee elastieken die op spanning staan.","https://deverloskundige.nl/zwangerschap/subtekstpagina/99/bandenpijn/"
94,14,"Zo groot als een blikje bier.","Ze heeft vandaag een 'linea nigra' ontdekt. Een donkere, verticale streep over haar buik.","Zeg: 'Cool, een ingebouwde race-streep.' Maak er iets positiefs van.","De linea nigra wordt veroorzaakt door zwangerschapshormonen die de pigmentproductie stimuleren. De streep verdwijnt vanzelf weer na de bevalling.","Haar buik heeft nu een 'finishlijn'. De baby weet precies waar hij naartoe moet.","Een buik met een donkere streep, als een landingsbaan voor een vliegtuig.","https://www.oudersvannu.nl/zwanger/zwangerschapskwalen/linea-nigra-zwangerschapsstreep/"
95,14,"Zo groot als een blikje bier.","Ze begint zich zorgen te maken over haar gewichtstoename. Ze staat elke dag op de weegschaal.","Verstop de weegschaal. Zeg: 'Je bouwt een mens, geen vet. Je bent prachtig.'","Gewichtstoename is een noodzakelijk en gezond onderdeel van de zwangerschap. De focus moet liggen op gezond eten, niet op de kilo's.","Ze bouwt niet alleen een baby, maar ook een placenta, extra bloed, vruchtwater... Het is een compleet bouwpakket.","Een weegschaal die wordt weggegooid in een prullenbak.","https://www.voedingscentrum.nl/nl/zwanger-en-kind/zwanger/gewichtstoename-tijdens-de-zwangerschap.aspx"
96,14,"Zo groot als een blikje bier.","Ze heeft vandaag een 'zwangerschapsbrein'-moment en gooit haar autosleutels in de koelkast.","Lach er samen om. En maak een vaste plek voor de sleutels. Een haakje bij de deur. Jij bent de proces-optimalisator.","Vergeetachtigheid en verstrooidheid zijn normaal. Haar hersenen zijn gefocust op belangrijkere dingen.","Haar interne 'besturingssysteem' is aan het updaten. Sommige basisfuncties, zoals 'onthouden waar de sleutels zijn', werken tijdelijk niet.","Een brein dat vol zit met watten.","https://www.oudersvannu.nl/zwanger/zwangerschapskwalen/zwangerschapsdementie/"
97,14,"Zo groot als een blikje bier.","Ze heeft vandaag een 'ik-wil-alles-regelen'-dag. De kinderopvang, de kraamzorg, het geboortekaartje.","Help haar. Verdeel de taken. Jij belt de kinderopvang, zij zoekt naar geboortekaartjes. Teamwork.","Het tweede trimester is de perfecte tijd om de praktische zaken te regelen. De energie is er en de deadline is nog ver weg.","Jullie zijn de productiemanagers van 'Project Baby'. Vandaag is een dag van logistiek en planning.","Twee blikjes bier die een checklist afvinken.","https://www.oudersvannu.nl/zwanger/checklist-zwangerschap-wat-moet-je-regelen/"
98,14,"Zo groot als een blikje bier.","Ze voelt zich vandaag onoverwinnelijk. Ze wil een berg beklimmen. Of in ieder geval de trap, zonder te hijgen.","Moedig haar aan, maar temper haar. 'Laten we beginnen met een lange wandeling, Everest kan volgend jaar wel.'","De energie van het tweede trimester kan haar het gevoel geven dat ze alles aankan. Het is belangrijk om naar haar lichaam te blijven luisteren.","Ze voelt zich Popeye na een blik spinazie. Jij bent Olijfje die zegt: 'Pas je wel op, Popeye?'","Een zwangere vrouw die haar spierballen toont.","https://www.24baby.nl/zwanger/sporten/sporten-tijdens-zwangerschap/"
